alias_id,hex_id,src
D0200,C0233,land:4.1
D0400,C0433,land:4.1
D0600,C0633,land:4.1
D0800,C0833,land:4.1
D1000,C1033,land:4.1
D1200,C1233,land:4.1
D1400,C1433,land:4.1
D1600,C1633,land:4.1
D1800,C1833,land:4.1
D2000,C2033,land:4.1
D2200,C2233,land:4.1
D2400,C2433,land:4.1
D2600,C2633,land:4.1
D2800,C2833,land:4.1
D3000,C3033,land:4.1
D3200,C3233,land:4.1
D3400,C3433,land:4.1
D3600,C3633,land:4.1
D3800,C3833,land:4.1
D4000,C4033,land:4.1
D4200,C4233,land:4.1
E1200,D1233,land:4.1
E1400,D1433,land:4.1
E1600,D1633,land:4.1
E1800,D1833,land:4.1
E2000,D2033,land:4.1
E2200,D2233,land:4.1
E2400,D2433,land:4.1
E2600,D2633,land:4.1
E2800,D2833,land:4.1
E3000,D3033,land:4.1
E3200,D3233,land:4.1
