layer,hex_id,neighbour_id,src,review_batch
coastal,C2818,,land:8.37,graziani-0003
coastal,C2819,,land:8.37,graziani-0003
coastal,C2820,,land:8.37,graziani-0003
coastal,C2821,,land:8.37,graziani-0003
coastal,C2822,,land:8.37,graziani-0003
coastal,C2823,,land:8.37,graziani-0003
coastal,C2824,,land:8.37,graziani-0003
coastal,C2825,,land:8.37,graziani-0003
coastal,C2826,,land:8.37,graziani-0003
coastal,C2827,,land:8.37,graziani-0003
coastal,C2918,,land:8.37,graziani-0003
coastal,C2919,,land:8.37,graziani-0003
coastal,C2920,,land:8.37,graziani-0003
coastal,C2921,,land:8.37,graziani-0003
coastal,C2922,,land:8.37,graziani-0003
coastal,C2923,,land:8.37,graziani-0003
coastal,C2924,,land:8.37,graziani-0003
coastal,C2925,,land:8.37,graziani-0003
coastal,C2926,,land:8.37,graziani-0003
coastal,C2927,,land:8.37,graziani-0003
coastal,C3018,,land:8.37,graziani-0003
coastal,C3019,,land:8.37,graziani-0003
coastal,C3020,,land:8.37,graziani-0003
coastal,C3021,,land:8.37,graziani-0003
coastal,C3022,,land:8.37,graziani-0003
coastal,C3023,,land:8.37,graziani-0003
coastal,C3024,,land:8.37,graziani-0003
coastal,C3025,,land:8.37,graziani-0003
coastal,C3026,,land:8.37,graziani-0003
coastal,C3027,,land:8.37,graziani-0003
coastal,C3118,,land:8.37,graziani-0003
coastal,C3119,,land:8.37,graziani-0003
coastal,C3120,,land:8.37,graziani-0003
coastal,C3121,,land:8.37,graziani-0003
coastal,C3122,,land:8.37,graziani-0003
coastal,C3123,,land:8.37,graziani-0003
coastal,C3124,,land:8.37,graziani-0003
coastal,C3125,,land:8.37,graziani-0003
coastal,C3126,,land:8.37,graziani-0003
coastal,C3127,,land:8.37,graziani-0003
coastal,C3218,,land:8.37,graziani-0003
coastal,C3219,,land:8.37,graziani-0003
coastal,C3220,,land:8.37,graziani-0003
coastal,C3221,,land:8.37,graziani-0003
coastal,C3222,,land:8.37,graziani-0003
coastal,C3223,,land:8.37,graziani-0003
coastal,C3224,,land:8.37,graziani-0003
coastal,C3225,,land:8.37,graziani-0003
coastal,C3226,,land:8.37,graziani-0003
coastal,C3227,,land:8.37,graziani-0003
coastal,C3318,,land:8.37,graziani-0003
coastal,C3319,,land:8.37,graziani-0003
coastal,C3320,,land:8.37,graziani-0003
coastal,C3321,,land:8.37,graziani-0003
coastal,C3322,,land:8.37,graziani-0003
coastal,C3323,,land:8.37,graziani-0003
coastal,C3324,,land:8.37,graziani-0003
coastal,C3325,,land:8.37,graziani-0003
coastal,C3326,,land:8.37,graziani-0003
coastal,C3327,,land:8.37,graziani-0003
coastal,C3418,,land:8.37,graziani-0003
coastal,C3419,,land:8.37,graziani-0003
coastal,C3420,,land:8.37,graziani-0003
coastal,C3421,,land:8.37,graziani-0003
coastal,C3422,,land:8.37,graziani-0003
coastal,C3423,,land:8.37,graziani-0003
coastal,C3424,,land:8.37,graziani-0003
coastal,C3425,,land:8.37,graziani-0003
coastal,C3426,,land:8.37,graziani-0003
coastal,C3427,,land:8.37,graziani-0003
coastal,C3518,,land:8.37,graziani-0001
coastal,C3519,,land:8.37,graziani-0001
coastal,C3520,,land:8.37,graziani-0001
coastal,C3521,,land:8.37,graziani-0001
coastal,C3522,,land:8.37,graziani-0001
coastal,C3523,,land:8.37,graziani-0001
coastal,C3524,,land:8.37,graziani-0001
coastal,C3525,,land:8.37,graziani-0001
coastal,C3526,,land:8.37,graziani-0001
coastal,C3527,,land:8.37,graziani-0001
coastal,C3618,,land:8.37,graziani-0001
coastal,C3619,,land:8.37,graziani-0001
coastal,C3620,,land:8.37,graziani-0001
coastal,C3621,,land:8.37,graziani-0001
coastal,C3622,,land:8.37,graziani-0001
coastal,C3623,,land:8.37,graziani-0001
coastal,C3624,,land:8.37,graziani-0001
coastal,C3625,,land:8.37,graziani-0001
coastal,C3626,,land:8.37,graziani-0001
coastal,C3627,,land:8.37,graziani-0001
coastal,C3718,,land:8.37,graziani-0001
coastal,C3719,,land:8.37,graziani-0001
coastal,C3720,,land:8.37,graziani-0001
coastal,C3721,,land:8.37,graziani-0001
coastal,C3722,,land:8.37,graziani-0001
coastal,C3723,,land:8.37,graziani-0001
coastal,C3724,,land:8.37,graziani-0001
coastal,C3725,,land:8.37,graziani-0001
coastal,C3726,,land:8.37,graziani-0001
coastal,C3727,,land:8.37,graziani-0001
coastal,C3818,,land:8.37,graziani-0001
coastal,C3819,,land:8.37,graziani-0001
coastal,C3820,,land:8.37,graziani-0001
coastal,C3821,,land:8.37,graziani-0001
coastal,C3822,,land:8.37,graziani-0001
coastal,C3823,,land:8.37,graziani-0001
coastal,C3824,,land:8.37,graziani-0001
coastal,C3825,,land:8.37,graziani-0001
coastal,C3826,,land:8.37,graziani-0001
coastal,C3827,,land:8.37,graziani-0001
coastal,C3918,,land:8.37,graziani-0001
coastal,C3919,,land:8.37,graziani-0001
coastal,C3920,,land:8.37,graziani-0001
coastal,C3921,,land:8.37,graziani-0001
coastal,C3922,,land:8.37;land:30.14;land:24.73,graziani-0002
coastal,C3923,,land:8.37;land:30.14;land:24.73,graziani-0002
coastal,C3924,,land:8.37;land:30.14;land:24.73,graziani-0002
coastal,C3925,,land:8.37;land:30.14;land:24.73,graziani-0002
coastal,C3926,,land:8.37;land:30.14;land:24.73,graziani-0002
coastal,C3927,,land:8.37,graziani-0001
coastal,C4018,,land:8.37,graziani-0001
coastal,C4019,,land:8.37,graziani-0001
coastal,C4020,,land:8.37,graziani-0001
coastal,C4021,,land:8.37;land:30.14;land:24.73,graziani-0002
coastal,C4022,,land:8.37;land:30.14;land:24.73,graziani-0002
coastal,C4023,,land:8.37,graziani-0001
coastal,C4024,,land:8.37,graziani-0001
coastal,C4025,,land:8.37,graziani-0001
coastal,C4026,,land:8.37;land:30.14;land:24.73,graziani-0002
coastal,C4027,,land:8.37;land:30.14;land:24.73,graziani-0002
coastal,C4118,,land:8.37,graziani-0001
coastal,C4119,,land:8.37,graziani-0001
coastal,C4120,,land:8.37,graziani-0001
coastal,C4121,,land:8.37,graziani-0001
coastal,C4122,,land:8.37;land:30.14;land:24.73,graziani-0002
coastal,C4123,,land:8.37,graziani-0001
coastal,C4126,,land:8.37,graziani-0001
coastal,C4127,,land:8.37,graziani-0001
coastal,C4218,,land:8.37,graziani-0001
coastal,C4219,,land:8.37,graziani-0001
coastal,C4220,,land:8.37,graziani-0001
coastal,C4221,,land:8.37;land:30.14;land:24.73,graziani-0002
coastal,C4222,,land:8.37,graziani-0001
coastal,D2808,,land:8.37,graziani-0004
coastal,D2809,,land:8.37,graziani-0004
coastal,D2810,,land:8.37,graziani-0004
coastal,D2811,,land:8.37,graziani-0004
coastal,D2812,,land:8.37,graziani-0004
coastal,D2813,,land:8.37,graziani-0004
coastal,D2814,,land:8.37,graziani-0004
coastal,D2815,,land:8.37,graziani-0004
coastal,D2816,,land:8.37,graziani-0004
coastal,D2817,,land:8.37,graziani-0004
coastal,D2908,,land:8.37,graziani-0004
coastal,D2909,,land:8.37,graziani-0004
coastal,D2910,,land:8.37,graziani-0004
coastal,D2911,,land:8.37,graziani-0004
coastal,D2912,,land:8.37,graziani-0004
coastal,D2913,,land:8.37,graziani-0004
coastal,D2914,,land:8.37,graziani-0004
coastal,D2915,,land:8.37,graziani-0004
coastal,D2916,,land:8.37,graziani-0004
coastal,D2917,,land:8.37,graziani-0004
coastal,D3008,,land:8.37,graziani-0004
coastal,D3009,,land:8.37,graziani-0004
coastal,D3010,,land:8.37,graziani-0004
coastal,D3011,,land:8.37,graziani-0004
coastal,D3012,,land:8.37,graziani-0004
coastal,D3013,,land:8.37,graziani-0004
coastal,D3014,,land:8.37,graziani-0004
coastal,D3015,,land:8.37,graziani-0004
coastal,D3016,,land:8.37,graziani-0004
coastal,D3017,,land:8.37,graziani-0004
coastal,D3108,,land:8.37,graziani-0004
coastal,D3109,,land:8.37,graziani-0004
coastal,D3110,,land:8.37,graziani-0004
coastal,D3111,,land:8.37,graziani-0004
coastal,D3112,,land:8.37,graziani-0004
coastal,D3113,,land:8.37,graziani-0004
coastal,D3114,,land:8.37,graziani-0004
coastal,D3115,,land:8.37,graziani-0004
coastal,D3116,,land:8.37,graziani-0004
coastal,D3117,,land:8.37,graziani-0004
coastal,D3208,,land:8.37,graziani-0004
coastal,D3209,,land:8.37,graziani-0004
coastal,D3210,,land:8.37,graziani-0004
coastal,D3211,,land:8.37,graziani-0004
coastal,D3212,,land:8.37,graziani-0004
coastal,D3213,,land:8.37,graziani-0004
coastal,D3214,,land:8.37,graziani-0004
coastal,D3215,,land:8.37,graziani-0004
coastal,D3216,,land:8.37,graziani-0004
coastal,D3217,,land:8.37,graziani-0004
coastal,D3308,,land:8.37,graziani-0004
coastal,D3309,,land:8.37,graziani-0004
coastal,D3310,,land:8.37,graziani-0004
coastal,D3311,,land:8.37,graziani-0004
coastal,D3312,,land:8.37,graziani-0004
coastal,D3313,,land:8.37,graziani-0004
coastal,D3314,,land:8.37,graziani-0004
coastal,D3315,,land:8.37;land:8.44,graziani-0004
coastal,D3316,,land:8.37,graziani-0004
coastal,D3317,,land:8.37,graziani-0004
coastal,D3408,,land:8.37,graziani-0004
coastal,D3409,,land:8.37,graziani-0004
coastal,D3410,,land:8.37,graziani-0004
coastal,D3411,,land:8.37,graziani-0004
coastal,D3412,,land:8.37,graziani-0004
coastal,D3413,,land:8.37,graziani-0004
coastal,D3414,,land:8.37;land:8.44,graziani-0004
coastal,D3415,,land:8.37,graziani-0004
coastal,D3416,,land:8.37,graziani-0004
coastal,D3417,,land:8.37,graziani-0004
coastal,D3508,,land:8.37,graziani-0004
coastal,D3509,,land:8.37,graziani-0004
coastal,D3510,,land:8.37,graziani-0004
coastal,D3511,,land:8.37,graziani-0004
coastal,D3512,,land:8.37,graziani-0004
coastal,D3513,,land:8.37,graziani-0004
coastal,D3514,,land:8.37,graziani-0004
coastal,D3515,,land:8.37,graziani-0004
coastal,D3516,,land:8.37,graziani-0004
coastal,D3517,,land:8.37,graziani-0004
coastal,E1730,,land:8.37;land:17.32;scen:60.43,cairo-0001
coastal,E1829,,land:8.37;land:17.32;scen:60.43,cairo-0001
coastal,E1830,,land:8.37;land:17.32;scen:60.43,cairo-0001
coastal,E1930,,land:8.37;land:17.32;scen:60.43,cairo-0001
coastal,E1931,,land:8.37;land:17.32;scen:60.43,cairo-0001
terrain,C2818,,land:8.37,graziani-0003
terrain,C2819,,land:8.37,graziani-0003
terrain,C2820,,land:8.37,graziani-0003
terrain,C2821,,land:8.37,graziani-0003
terrain,C2822,,land:8.37,graziani-0003
terrain,C2823,,land:8.37,graziani-0003
terrain,C2824,,land:8.37,graziani-0003
terrain,C2825,,land:8.37,graziani-0003
terrain,C2826,,land:8.37,graziani-0003
terrain,C2827,,land:8.37,graziani-0003
terrain,C2918,,land:8.37,graziani-0003
terrain,C2919,,land:8.37,graziani-0003
terrain,C2920,,land:8.37,graziani-0003
terrain,C2921,,land:8.37,graziani-0003
terrain,C2922,,land:8.37,graziani-0003
terrain,C2923,,land:8.37,graziani-0003
terrain,C2924,,land:8.37,graziani-0003
terrain,C2925,,land:8.37,graziani-0003
terrain,C2926,,land:8.37,graziani-0003
terrain,C2927,,land:8.37,graziani-0003
terrain,C3018,,land:8.37,graziani-0003
terrain,C3019,,land:8.37,graziani-0003
terrain,C3020,,land:8.37,graziani-0003
terrain,C3021,,land:8.37,graziani-0003
terrain,C3022,,land:8.37,graziani-0003
terrain,C3023,,land:8.37,graziani-0003
terrain,C3024,,land:8.37,graziani-0003
terrain,C3025,,land:8.37,graziani-0003
terrain,C3026,,land:8.37,graziani-0003
terrain,C3027,,land:8.37,graziani-0003
terrain,C3118,,land:8.37,graziani-0003
terrain,C3119,,land:8.37,graziani-0003
terrain,C3120,,land:8.37,graziani-0003
terrain,C3121,,land:8.37,graziani-0003
terrain,C3122,,land:8.37,graziani-0003
terrain,C3123,,land:8.37,graziani-0003
terrain,C3124,,land:8.37,graziani-0003
terrain,C3125,,land:8.37,graziani-0003
terrain,C3126,,land:8.37,graziani-0003
terrain,C3127,,land:8.37,graziani-0003
terrain,C3218,,land:8.37,graziani-0003
terrain,C3219,,land:8.37,graziani-0003
terrain,C3220,,land:8.37,graziani-0003
terrain,C3221,,land:8.37,graziani-0003
terrain,C3222,,land:8.37,graziani-0003
terrain,C3223,,land:8.37,graziani-0003
terrain,C3224,,land:8.37,graziani-0003
terrain,C3225,,land:8.37,graziani-0003
terrain,C3226,,land:8.37,graziani-0003
terrain,C3227,,land:8.37,graziani-0003
terrain,C3318,,land:8.37,graziani-0003
terrain,C3319,,land:8.37,graziani-0003
terrain,C3320,,land:8.37,graziani-0003
terrain,C3321,,land:8.37,graziani-0003
terrain,C3322,,land:8.37,graziani-0003
terrain,C3323,,land:8.37,graziani-0003
terrain,C3324,,land:8.37,graziani-0003
terrain,C3325,,land:8.37,graziani-0003
terrain,C3326,,land:8.37,graziani-0003
terrain,C3327,,land:8.37,graziani-0003
terrain,C3418,,land:8.37,graziani-0003
terrain,C3419,,land:8.37,graziani-0003
terrain,C3420,,land:8.37,graziani-0003
terrain,C3421,,land:8.37,graziani-0003
terrain,C3422,,land:8.37,graziani-0003
terrain,C3423,,land:8.37,graziani-0003
terrain,C3424,,land:8.37,graziani-0003
terrain,C3425,,land:8.37,graziani-0003
terrain,C3426,,land:8.37,graziani-0003
terrain,C3427,,land:8.37,graziani-0003
terrain,C3518,,land:8.37,graziani-0001
terrain,C3519,,land:8.37,graziani-0001
terrain,C3520,,land:8.37,graziani-0001
terrain,C3521,,land:8.37,graziani-0001
terrain,C3522,,land:8.37,graziani-0001
terrain,C3523,,land:8.37,graziani-0001
terrain,C3524,,land:8.37,graziani-0001
terrain,C3525,,land:8.37,graziani-0001
terrain,C3526,,land:8.37,graziani-0001
terrain,C3527,,land:8.37,graziani-0001
terrain,C3618,,land:8.37,graziani-0001
terrain,C3619,,land:8.37,graziani-0001
terrain,C3620,,land:8.37,graziani-0001
terrain,C3621,,land:8.37,graziani-0001
terrain,C3622,,land:8.37,graziani-0001
terrain,C3623,,land:8.37,graziani-0001
terrain,C3624,,land:8.37,graziani-0001
terrain,C3625,,land:8.37,graziani-0001
terrain,C3626,,land:8.37,graziani-0001
terrain,C3627,,land:8.37,graziani-0001
terrain,C3718,,land:8.37,graziani-0001
terrain,C3719,,land:8.37,graziani-0001
terrain,C3720,,land:8.37,graziani-0001
terrain,C3721,,land:8.37,graziani-0001
terrain,C3722,,land:8.37,graziani-0001
terrain,C3723,,land:8.37,graziani-0001
terrain,C3724,,land:8.37,graziani-0001
terrain,C3725,,land:8.37,graziani-0001
terrain,C3726,,land:8.37,graziani-0001
terrain,C3727,,land:8.37,graziani-0001
terrain,C3818,,land:8.37,graziani-0001
terrain,C3819,,land:8.37,graziani-0001
terrain,C3820,,land:8.37,graziani-0001
terrain,C3821,,land:8.37,graziani-0001
terrain,C3822,,land:8.37,graziani-0001
terrain,C3823,,land:8.37,graziani-0001
terrain,C3824,,land:8.37,graziani-0001
terrain,C3825,,land:8.37,graziani-0001
terrain,C3826,,land:8.37,graziani-0001
terrain,C3827,,land:8.37,graziani-0001
terrain,C3918,,land:8.37,graziani-0001
terrain,C3919,,land:8.37,graziani-0001
terrain,C3920,,land:8.37,graziani-0001
terrain,C3921,,land:8.37,graziani-0001
terrain,C3922,,land:8.37;land:30.14;land:24.73,graziani-0002
terrain,C3923,,land:8.37;land:30.14;land:24.73,graziani-0002
terrain,C3924,,land:8.37;land:30.14;land:24.73,graziani-0002
terrain,C3925,,land:8.37;land:30.14;land:24.73,graziani-0002
terrain,C3926,,land:8.37;land:30.14;land:24.73,graziani-0002
terrain,C3927,,land:8.37,graziani-0001
terrain,C4018,,land:8.37,graziani-0001
terrain,C4019,,land:8.37,graziani-0001
terrain,C4020,,land:8.37,graziani-0001
terrain,C4021,,land:8.37;land:30.14;land:24.73,graziani-0002
terrain,C4022,,land:8.37;land:30.14;land:24.73,graziani-0002
terrain,C4023,,land:8.37,graziani-0001
terrain,C4024,,land:8.37,graziani-0001
terrain,C4025,,land:8.37,graziani-0001
terrain,C4027,,land:8.37;land:30.14;land:24.73,graziani-0002
terrain,C4118,,land:8.37,graziani-0001
terrain,C4119,,land:8.37,graziani-0001
terrain,C4120,,land:8.37,graziani-0001
terrain,C4121,,land:8.37,graziani-0001
terrain,C4122,,land:8.37;land:30.14;land:24.73,graziani-0002
terrain,C4123,,land:8.37,graziani-0001
terrain,C4126,,land:8.37,graziani-0001
terrain,C4127,,land:8.37,graziani-0001
terrain,C4218,,land:8.37,graziani-0001
terrain,C4219,,land:8.37,graziani-0001
terrain,C4220,,land:8.37,graziani-0001
terrain,C4221,,land:8.37;land:30.14;land:24.73,graziani-0002
terrain,C4222,,land:8.37,graziani-0001
terrain,D2808,,land:8.37,graziani-0004
terrain,D2809,,land:8.37,graziani-0004
terrain,D2810,,land:8.37,graziani-0004
terrain,D2811,,land:8.37,graziani-0004
terrain,D2812,,land:8.37,graziani-0004
terrain,D2813,,land:8.37,graziani-0004
terrain,D2814,,land:8.37,graziani-0004
terrain,D2815,,land:8.37,graziani-0004
terrain,D2816,,land:8.37,graziani-0004
terrain,D2817,,land:8.37,graziani-0004
terrain,D2908,,land:8.37,graziani-0004
terrain,D2909,,land:8.37,graziani-0004
terrain,D2910,,land:8.37,graziani-0004
terrain,D2911,,land:8.37,graziani-0004
terrain,D2912,,land:8.37,graziani-0004
terrain,D2913,,land:8.37,graziani-0004
terrain,D2914,,land:8.37,graziani-0004
terrain,D2915,,land:8.37,graziani-0004
terrain,D2916,,land:8.37,graziani-0004
terrain,D2917,,land:8.37,graziani-0004
terrain,D3008,,land:8.37,graziani-0004
terrain,D3009,,land:8.37,graziani-0004
terrain,D3010,,land:8.37,graziani-0004
terrain,D3011,,land:8.37,graziani-0004
terrain,D3012,,land:8.37,graziani-0004
terrain,D3013,,land:8.37,graziani-0004
terrain,D3014,,land:8.37,graziani-0004
terrain,D3015,,land:8.37,graziani-0004
terrain,D3016,,land:8.37,graziani-0004
terrain,D3017,,land:8.37,graziani-0004
terrain,D3108,,land:8.37,graziani-0004
terrain,D3109,,land:8.37,graziani-0004
terrain,D3110,,land:8.37,graziani-0004
terrain,D3111,,land:8.37,graziani-0004
terrain,D3112,,land:8.37,graziani-0004
terrain,D3113,,land:8.37,graziani-0004
terrain,D3114,,land:8.37,graziani-0004
terrain,D3115,,land:8.37,graziani-0004
terrain,D3116,,land:8.37,graziani-0004
terrain,D3117,,land:8.37,graziani-0004
terrain,D3208,,land:8.37,graziani-0004
terrain,D3209,,land:8.37,graziani-0004
terrain,D3210,,land:8.37,graziani-0004
terrain,D3211,,land:8.37,graziani-0004
terrain,D3212,,land:8.37,graziani-0004
terrain,D3213,,land:8.37,graziani-0004
terrain,D3214,,land:8.37,graziani-0004
terrain,D3215,,land:8.37,graziani-0004
terrain,D3216,,land:8.37,graziani-0004
terrain,D3217,,land:8.37,graziani-0004
terrain,D3308,,land:8.37,graziani-0004
terrain,D3309,,land:8.37,graziani-0004
terrain,D3310,,land:8.37,graziani-0004
terrain,D3311,,land:8.37,graziani-0004
terrain,D3312,,land:8.37,graziani-0004
terrain,D3313,,land:8.37,graziani-0004
terrain,D3314,,land:8.37,graziani-0004
terrain,D3315,,land:8.37;land:8.44,graziani-0004
terrain,D3316,,land:8.37,graziani-0004
terrain,D3317,,land:8.37,graziani-0004
terrain,D3408,,land:8.37,graziani-0004
terrain,D3409,,land:8.37,graziani-0004
terrain,D3410,,land:8.37,graziani-0004
terrain,D3411,,land:8.37,graziani-0004
terrain,D3412,,land:8.37,graziani-0004
terrain,D3413,,land:8.37,graziani-0004
terrain,D3414,,land:8.37;land:8.44,graziani-0004
terrain,D3415,,land:8.37,graziani-0004
terrain,D3416,,land:8.37,graziani-0004
terrain,D3417,,land:8.37,graziani-0004
terrain,D3508,,land:8.37,graziani-0004
terrain,D3509,,land:8.37,graziani-0004
terrain,D3510,,land:8.37,graziani-0004
terrain,D3511,,land:8.37,graziani-0004
terrain,D3512,,land:8.37,graziani-0004
terrain,D3513,,land:8.37,graziani-0004
terrain,D3514,,land:8.37,graziani-0004
terrain,D3515,,land:8.37,graziani-0004
terrain,D3516,,land:8.37,graziani-0004
terrain,D3517,,land:8.37,graziani-0004
terrain,E1730,,land:8.37;land:17.32;scen:60.43,cairo-0001
terrain,E1829,,land:8.37;land:17.32;scen:60.43,cairo-0001
terrain,E1830,,land:8.37;land:17.32;scen:60.43,cairo-0001
terrain,E1930,,land:8.37;land:17.32;scen:60.43,cairo-0001
terrain,E1931,,land:8.37;land:17.32;scen:60.43,cairo-0001
