hex_id,direction,neighbour_id,feature,high_side,src,review_batch
C3425,NE,C3526,escarpment,C3425,land:8.35;land:8.37,map-lines-0008
C3426,NW,C3526,escarpment,C3426,land:8.35;land:8.37,map-lines-0008
C3427,NE,C3528,escarpment,C3427,land:8.35;land:8.37,map-lines-0010
C3428,NW,C3528,escarpment,C3428,land:8.35;land:8.37,map-lines-0010
C3524,NE,C3624,escarpment,C3524,land:8.35;land:8.37,map-lines-0007
C3525,E,C3526,escarpment,C3525,land:8.35;land:8.37,map-lines-0009
C3525,NW,C3624,escarpment,C3525,land:8.35;land:8.37,map-lines-0007
C3525,NE,C3625,escarpment,C3525,land:8.35;land:8.37,map-lines-0007
C3526,E,C3527,escarpment,C3527,land:8.35;land:8.37,map-lines-0009
C3528,E,C3529,escarpment,C3529,land:8.35;land:8.37,map-lines-0010
C3528,NE,C3628,escarpment,C3528,land:8.35;land:8.37,map-lines-0009
C3529,NW,C3628,escarpment,C3529,land:8.35;land:8.37,map-lines-0009
C3532,NE,C3632,slope,C3532,land:8.35;land:8.37,map-lines-0010
C3533,NW,C3632,slope,C3533,land:8.35;land:8.37,map-lines-0010
C3533,NE,C3633,slope,C3533,land:8.35;land:8.37,map-lines-0010
C3623,E,C3624,escarpment,C3623,land:8.35;land:8.37,map-lines-0007
C3623,NE,C3724,escarpment,C3623,land:8.35;land:8.37,map-lines-0005
C3628,E,C3629,escarpment,C3629,land:8.35;land:8.37,map-lines-0009
C3629,NW,C3729,escarpment,C3629,land:8.35;land:8.37,map-lines-0009
C3629,NE,C3730,slope,C3629,land:8.35;land:8.37,map-lines-0009
C3632,NW,C3732,slope,C3632,land:8.35;land:8.37,map-lines-0009
C3632,NE,C3733,slope,C3632,land:8.35;land:8.37,map-lines-0009
C3633,NW,C3733,slope,C3633,land:8.35;land:8.37,map-lines-0009
C3633,SE,D3501,slope,D3501,land:8.35;land:8.37,map-lines-0010
C3722,NE,C3822,escarpment,C3722,land:8.35;land:8.37,map-lines-0003
C3723,E,C3724,escarpment,C3723,land:8.35;land:8.37,map-lines-0005
C3723,NW,C3822,escarpment,C3723,land:8.35;land:8.37,map-lines-0003
C3723,NE,C3823,escarpment,C3723,land:8.35;land:8.37,map-lines-0003
C3724,NW,C3823,escarpment,C3724,land:8.35;land:8.37,map-lines-0003
C3733,NE,C3833,slope,C3733,land:8.35;land:8.37,map-lines-0008
C3733,E,D3701,slope,D3701,land:8.35;land:8.37,map-lines-0009
C3821,E,C3822,escarpment,C3821,land:8.35;land:8.37,map-lines-0003
C3833,SE,D3701,slope,D3701,land:8.35;land:8.37,map-lines-0008
C3921,E,C3922,escarpment,C3921,land:8.35;land:8.37;land:8.42,sollum-control-0001
C3921,NE,C4021,escarpment,C3921,land:8.35;land:8.37;land:8.42,sollum-control-0001
C3922,NE,C4022,all_sea,,land:10.21;interp:map-0002,map-lines-0003
C3923,NW,C4022,all_sea,,land:10.21;interp:map-0002,map-lines-0003
C3923,NE,C4023,all_sea,,land:10.21;interp:map-0002,map-lines-0003
C3924,NW,C4023,all_sea,,land:10.21;interp:map-0002,map-lines-0006
C3924,NE,C4024,all_sea,,land:10.21;interp:map-0002,map-lines-0006
C3925,NW,C4024,all_sea,,land:10.21;interp:map-0002,map-lines-0006
C3925,NE,C4025,all_sea,,land:10.21;interp:map-0002,map-lines-0006
C3926,NW,C4025,all_sea,,land:10.21;interp:map-0002,map-lines-0004
C4020,NE,C4121,escarpment,C4020,land:8.35;land:8.37;land:8.42,sollum-control-0001
C4021,E,C4022,all_sea,,land:10.21;interp:map-0002,map-lines-0003
C4022,E,C4023,all_sea,,land:10.21;interp:map-0002,map-lines-0003
C4022,NW,C4122,all_sea,,land:10.21;interp:map-0002,map-lines-0003
C4022,NE,C4123,all_sea,,land:10.21;interp:map-0002,map-lines-0003
C4023,E,C4024,all_sea,,land:10.21;interp:map-0002,map-lines-0008
C4023,NW,C4123,all_sea,,land:10.21;interp:map-0002,map-lines-0008
C4024,E,C4025,all_sea,,land:10.21;interp:map-0002,map-lines-0006
C4025,E,C4026,all_sea,,land:10.21;interp:map-0002,map-lines-0006
C4025,NE,C4126,all_sea,,land:10.21;interp:map-0002,map-lines-0006
C4026,NW,C4126,all_sea,,land:10.21;interp:map-0002,map-lines-0006
C4026,NE,C4127,all_sea,,land:10.21;interp:map-0002,map-lines-0006
C4027,NW,C4127,all_sea,,land:10.21;interp:map-0002,map-lines-0004
C4027,NE,C4128,all_sea,,land:10.21;interp:map-0002,map-lines-0004
C4028,NW,C4128,all_sea,,land:10.21;interp:map-0002,map-lines-0004
C4120,E,C4121,escarpment,C4120,land:8.35;land:8.37,map-lines-0003
C4122,E,C4123,all_sea,,land:10.21;interp:map-0002,map-lines-0006
C4122,NE,C4222,all_sea,,land:10.21;interp:map-0002,map-lines-0006
C4123,NW,C4222,all_sea,,land:10.21;interp:map-0002,map-lines-0008
C4126,E,C4127,all_sea,,land:10.21;interp:map-0002,map-lines-0006
C4127,E,C4128,all_sea,,land:10.21;interp:map-0002,map-lines-0006
C4128,E,C4129,all_sea,,land:10.21;interp:map-0002,map-lines-0006
C4128,NE,C4228,all_sea,,land:10.21;interp:map-0002,map-lines-0006
C4129,NW,C4228,all_sea,,land:10.21;interp:map-0002,map-lines-0006
C4129,NE,C4229,all_sea,,land:10.21;interp:map-0002,map-lines-0006
C4130,NW,C4229,all_sea,,land:10.21;interp:map-0002,map-lines-0004
C4130,NE,C4230,all_sea,,land:10.21;interp:map-0002,map-lines-0004
C4131,NW,C4230,all_sea,,land:10.21;interp:map-0002,map-lines-0004
C4131,NE,C4231,all_sea,,land:10.21;interp:map-0002,map-lines-0004
C4132,NW,C4231,all_sea,,land:10.21;interp:map-0002,map-lines-0004
C4132,NE,C4232,all_sea,,land:10.21;interp:map-0002,map-lines-0004
C4133,NW,C4232,all_sea,,land:10.21;interp:map-0002,map-lines-0006
C4133,NE,C4233,all_sea,,land:10.21;interp:map-0002,map-lines-0006
C4221,E,C4222,all_sea,,land:10.21;interp:map-0002,map-lines-0006
C4221,NE,C4322,all_sea,,land:10.21;interp:map-0002,map-lines-0006
C4222,NW,C4322,all_sea,,land:10.21;interp:map-0002,map-lines-0006
C4228,E,C4229,all_sea,,land:10.21;interp:map-0002,map-lines-0006
C4229,E,C4230,all_sea,,land:10.21;interp:map-0002,map-lines-0006
C4230,E,C4231,all_sea,,land:10.21;interp:map-0002,map-lines-0006
C4231,E,C4232,all_sea,,land:10.21;interp:map-0002,map-lines-0007
C4232,E,C4233,all_sea,,land:10.21;interp:map-0002,map-lines-0007
C4233,SE,D4101,all_sea,,land:10.21;interp:map-0002,map-lines-0007
C4233,E,D4201,all_sea,,land:10.21;interp:map-0002,map-lines-0008
C4321,E,C4322,all_sea,,land:10.21;interp:map-0002,map-lines-0005
C4321,NE,C4421,all_sea,,land:10.21;interp:map-0002,map-lines-0005
C4419,E,C4420,slope,C4419,land:8.35;land:8.37,map-lines-0007
C4420,NW,C4520,slope,C4520,land:8.35;land:8.37,map-lines-0007
C4421,NW,C4521,all_sea,,land:10.21;interp:map-0002,map-lines-0007
D1917,NE,D2017,escarpment,D2017,land:8.35;land:8.37,map-terrain-edges-0004
D1918,NW,D2017,escarpment,D2017,land:8.35;land:8.37,map-terrain-edges-0004
D2017,E,D2018,escarpment,D2017,land:8.35;land:8.37,map-terrain-edges-0004
D2018,NW,D2118,escarpment,D2118,land:8.35;land:8.37,map-terrain-edges-0004
D2019,NE,D2120,escarpment,D2120,land:8.35;land:8.37,map-terrain-edges-0004
D2020,NW,D2120,escarpment,D2120,land:8.35;land:8.37,map-terrain-edges-0004
D2033,NW,D2133,escarpment,D2033,land:8.35;land:8.37,map-terrain-edges-0004
D2118,E,D2119,escarpment,D2118,land:8.35;land:8.37,map-terrain-edges-0004
D2119,E,D2120,escarpment,D2120,land:8.35;land:8.37,map-terrain-edges-0004
D2119,NW,D2218,escarpment,D2218,land:8.35;land:8.37,map-terrain-edges-0004
D2119,NE,D2219,escarpment,D2219,land:8.35;land:8.37,map-terrain-edges-0004
D2120,E,D2121,escarpment,D2120,land:8.35;land:8.37,map-terrain-edges-0004
D2121,NW,D2220,escarpment,D2220,land:8.35;land:8.37,map-terrain-edges-0005
D2121,NE,D2221,escarpment,D2221,land:8.35;land:8.37,map-terrain-edges-0005
D2122,NW,D2221,escarpment,D2221,land:8.35;land:8.37,map-terrain-edges-0005
D2123,NE,D2223,escarpment,D2223,land:8.35;land:8.37,map-terrain-edges-0005
D2124,NW,D2223,escarpment,D2223,land:8.35;land:8.37,map-terrain-edges-0005
D2221,E,D2222,escarpment,D2221,land:8.35;land:8.37,map-terrain-edges-0005
D2222,E,D2223,escarpment,D2223,land:8.35;land:8.37,map-terrain-edges-0005
D2222,NW,D2322,escarpment,D2322,land:8.35;land:8.37,map-terrain-edges-0005
D2222,NE,D2323,escarpment,D2323,land:8.35;land:8.37,map-terrain-edges-0005
D2223,E,D2224,escarpment,D2223,land:8.35;land:8.37,map-terrain-edges-0005
D2224,NW,D2324,escarpment,D2324,land:8.35;land:8.37,map-terrain-edges-0005
D2224,NE,D2325,escarpment,D2325,land:8.35;land:8.37,map-terrain-edges-0005
D2225,NW,D2325,escarpment,D2325,land:8.35;land:8.37,map-terrain-edges-0005
D2225,NE,D2326,escarpment,D2326,land:8.35;land:8.37,map-terrain-edges-0005
D2226,NW,D2326,escarpment,D2326,land:8.35;land:8.37,map-terrain-edges-0005
D2226,NE,D2327,escarpment,D2327,land:8.35;land:8.37,map-terrain-edges-0005
D2227,NW,D2327,escarpment,D2327,land:8.35;land:8.37,map-terrain-edges-0005
D2227,NE,D2328,escarpment,D2328,land:8.35;land:8.37,map-terrain-edges-0005
D2228,NW,D2328,escarpment,D2328,land:8.35;land:8.37,map-terrain-edges-0005
D2231,NE,D2332,escarpment,D2332,land:8.35;land:8.37,map-terrain-edges-0005
D2232,NW,D2332,escarpment,D2332,land:8.35;land:8.37,map-terrain-edges-0005
D2233,NE,E2301,escarpment,E2301,land:8.35;land:8.37,map-terrain-edges-0005
D3131,E,D3132,ridge,,land:8.35;land:8.37,map-lines-2-0009
D3131,NE,D3231,ridge,,land:8.35;land:8.37,map-lines-2-0009
D3233,NE,E3301,all_sea,,land:8.35;land:8.37,map-lines-2-0004
D3307,NE,D3407,slope,D3307,land:8.35;land:8.37,map-lines-0009
D3308,NW,D3407,slope,D3308,land:8.35;land:8.37,map-lines-0009
D3308,NE,D3408,slope,D3308,land:8.35;land:8.37,map-lines-0009
D3309,NW,D3408,slope,D3309,land:8.35;land:8.37,map-lines-0009
D3309,NE,D3409,slope,D3309,land:8.35;land:8.37,map-lines-0009
D3310,NW,D3409,slope,D3310,land:8.35;land:8.37,map-lines-0009
D3310,NE,D3410,slope,D3310,land:8.35;land:8.37,map-lines-0009
D3311,NE,D3411,slope,D3311,land:8.35;land:8.37,map-lines-2-0001
D3312,E,D3313,slope,D3312,land:8.35;land:8.37,map-lines-2-0001
D3312,NW,D3411,slope,D3312,land:8.35;land:8.37,map-lines-2-0001
D3312,NE,D3412,slope,D3312,land:8.35;land:8.37,map-lines-2-0001
D3313,NW,D3412,slope,D3313,land:8.35;land:8.37,map-lines-2-0001
D3313,NE,D3413,slope,D3313,land:8.35;land:8.37,map-lines-2-0001
D3314,NW,D3413,slope,D3314,land:8.35;land:8.37,map-lines-2-0001
D3314,NE,D3414,slope,D3314,land:8.35;land:8.37,map-lines-2-0001
D3315,NW,D3414,slope,D3315,land:8.35;land:8.37,map-lines-2-0001
D3315,NE,D3415,slope,D3315,land:8.35;land:8.37,map-lines-2-0001
D3316,NW,D3415,slope,D3316,land:8.35;land:8.37,map-lines-2-0002
D3316,NE,D3416,slope,D3316,land:8.35;land:8.37,map-lines-2-0002
D3317,NW,D3416,slope,D3317,land:8.35;land:8.37,map-lines-2-0002
D3317,NE,D3417,slope,D3317,land:8.35;land:8.37,map-lines-2-0002
D3318,E,D3319,slope,D3318,land:8.35;land:8.37,map-lines-2-0002
D3318,NW,D3417,slope,D3318,land:8.35;land:8.37,map-lines-2-0002
D3318,NE,D3418,slope,D3318,land:8.35;land:8.37,map-lines-2-0002
D3321,E,D3322,slope,D3321,land:8.35;land:8.37,map-lines-2-0002
D3322,NW,D3421,slope,D3421,land:8.35;land:8.37,map-lines-2-0002
D3322,NE,D3422,slope,D3322,land:8.35;land:8.37,map-lines-2-0002
D3331,NE,D3431,all_sea,,land:8.35;land:8.37,map-lines-2-0003
D3332,NW,D3431,all_sea,,land:8.35;land:8.37,map-lines-2-0003
D3332,NE,D3432,all_sea,,land:8.35;land:8.37,map-lines-2-0003
D3333,NW,D3432,all_sea,,land:8.35;land:8.37,map-lines-2-0004
D3333,E,E3301,all_sea,,land:8.35;land:8.37,map-lines-2-0004
D3403,NE,D3504,slope,D3403,land:8.35;land:8.37,map-lines-0009
D3404,NW,D3504,slope,D3404,land:8.35;land:8.37,map-lines-0009
D3404,NE,D3505,slope,D3404,land:8.35;land:8.37,map-lines-0009
D3405,NW,D3505,slope,D3405,land:8.35;land:8.37,map-lines-0009
D3405,NE,D3506,slope,D3405,land:8.35;land:8.37,map-lines-0008
D3406,E,D3407,slope,D3406,land:8.35;land:8.37,map-lines-0009
D3406,NW,D3506,slope,D3406,land:8.35;land:8.37,map-lines-0008
D3406,NE,D3507,slope,D3406,land:8.35;land:8.37,map-lines-0008
D3412,NE,D3513,slope,D3412,land:8.35;land:8.37,map-lines-2-0001
D3413,NW,D3513,slope,D3413,land:8.35;land:8.37,map-lines-2-0001
D3413,NE,D3514,slope,D3413,land:8.35;land:8.37,map-lines-2-0001
D3414,E,D3415,slope,D3414,land:8.35;land:8.37,map-lines-2-0001
D3414,NW,D3514,slope,D3414,land:8.35;land:8.37,map-lines-2-0001
D3414,NE,D3515,slope,D3414,land:8.35;land:8.37,map-lines-2-0001
D3421,E,D3422,slope,D3421,land:8.35;land:8.37,map-lines-2-0002
D3421,NE,D3522,slope,D3421,land:8.35;land:8.37,map-lines-2-0002
D3422,E,D3423,all_sea,,land:8.35;land:8.37,map-lines-2-0002
D3422,NE,D3523,all_sea,,land:8.35;land:8.37,map-lines-2-0002
D3423,NW,D3523,all_sea,,land:8.35;land:8.37,map-lines-2-0010
D3423,NE,D3524,all_sea,,land:8.35;land:8.37,map-lines-2-0010
D3424,NW,D3524,all_sea,,land:8.35;land:8.37,map-lines-2-0010
D3424,NE,D3525,all_sea,,land:8.35;land:8.37,map-lines-2-0010
D3425,E,D3426,all_sea,,land:8.35;land:8.37,map-lines-2-0010
D3425,NW,D3525,all_sea,,land:8.35;land:8.37,map-lines-2-0010
D3425,NE,D3526,all_sea,,land:8.35;land:8.37,map-lines-2-0010
D3426,NW,D3526,all_sea,,land:8.35;land:8.37,map-lines-2-0010
D3426,NE,D3527,all_sea,,land:8.35;land:8.37,map-lines-2-0010
D3427,NW,D3527,all_sea,,land:8.35;land:8.37,map-lines-2-0010
D3427,NE,D3528,all_sea,,land:8.35;land:8.37,map-lines-2-0010
D3428,NW,D3528,all_sea,,land:8.35;land:8.37,map-lines-2-0010
D3428,NE,D3529,all_sea,,land:8.35;land:8.37,map-lines-2-0010
D3429,E,D3430,all_sea,,land:8.35;land:8.37,map-lines-2-0010
D3429,NW,D3529,all_sea,,land:8.35;land:8.37,map-lines-2-0010
D3429,NE,D3530,all_sea,,land:8.35;land:8.37,map-lines-2-0010
D3430,E,D3431,all_sea,,land:8.35;land:8.37,map-lines-2-0010
D3430,NW,D3530,all_sea,,land:8.35;land:8.37,map-lines-2-0010
D3431,E,D3432,all_sea,,land:8.35;land:8.37,map-lines-2-0010
D3501,NE,D3601,slope,D3501,land:8.35;land:8.37,map-lines-0009
D3502,NW,D3601,slope,D3502,land:8.35;land:8.37,map-lines-0009
D3502,NE,D3602,slope,D3502,land:8.35;land:8.37,map-lines-0009
D3503,E,D3504,slope,D3503,land:8.35;land:8.37,map-lines-0009
D3503,NW,D3602,slope,D3503,land:8.35;land:8.37,map-lines-0009
D3503,NE,D3603,slope,D3503,land:8.35;land:8.37,map-lines-0008
D3511,NE,D3611,slope,D3511,land:8.35;land:8.37,map-lines-2-0001
D3512,E,D3513,slope,D3512,land:8.35;land:8.37,map-lines-2-0001
D3512,NW,D3611,slope,D3512,land:8.35;land:8.37,map-lines-2-0001
D3512,NE,D3612,slope,D3512,land:8.35;land:8.37,map-lines-2-0001
D3513,NW,D3612,slope,D3513,land:8.35;land:8.37,map-lines-2-0001
D3514,NE,D3614,slope,D3514,land:8.35;land:8.37,map-lines-2-0001
D3515,E,D3516,slope,D3515,land:8.35;land:8.37,map-lines-2-0010
D3515,NW,D3614,slope,D3515,land:8.35;land:8.37,map-lines-2-0001
D3515,NE,D3615,slope,D3515,land:8.35;land:8.37,map-lines-2-0001
D3517,NE,D3617,all_sea,,land:8.35;land:8.37,map-lines-2-0002
D3518,NW,D3617,all_sea,,land:8.35;land:8.37,map-lines-2-0002
D3518,NE,D3618,all_sea,,land:8.35;land:8.37,map-lines-2-0002
D3519,NW,D3618,all_sea,,land:8.35;land:8.37,map-lines-2-0002
D3519,NE,D3619,all_sea,,land:8.35;land:8.37,map-lines-2-0002
D3520,NW,D3619,all_sea,,land:8.35;land:8.37,map-lines-2-0002
D3520,NE,D3620,all_sea,,land:8.35;land:8.37,map-lines-2-0002
D3521,E,D3522,slope,D3521,land:8.35;land:8.37,map-lines-2-0002
D3521,NW,D3620,all_sea,,land:8.35;land:8.37,map-lines-2-0002
D3522,E,D3523,all_sea,,land:8.35;land:8.37,map-lines-2-0002
D3522,NE,D3622,all_sea,,land:8.35;land:8.37,map-lines-2-0002
D3523,E,D3524,all_sea,,land:8.35;land:8.37,map-lines-2-0010
D3523,NW,D3622,all_sea,,land:8.35;land:8.37,map-lines-2-0010
D3524,E,D3525,all_sea,,land:8.35;land:8.37,map-lines-2-0010
D3525,E,D3526,all_sea,,land:8.35;land:8.37,map-lines-2-0010
D3526,E,D3527,all_sea,,land:8.35;land:8.37,map-lines-2-0010
D3527,E,D3528,all_sea,,land:8.35;land:8.37,map-lines-2-0010
D3528,E,D3529,all_sea,,land:8.35;land:8.37,map-lines-2-0010
D3529,E,D3530,all_sea,,land:8.35;land:8.37,map-lines-2-0010
D3601,NE,D3702,slope,D3601,land:8.35;land:8.37,map-lines-0008
D3602,NW,D3702,slope,D3602,land:8.35;land:8.37,map-lines-0008
D3602,NE,D3703,slope,D3602,land:8.35;land:8.37,map-lines-0008
D3603,NW,D3703,slope,D3603,land:8.35;land:8.37,map-lines-0008
D3603,NE,D3704,slope,D3603,land:8.35;land:8.37,map-lines-0007
D3604,NW,D3704,slope,D3604,land:8.35;land:8.37,map-lines-0007
D3604,NE,D3705,slope,D3604,land:8.35;land:8.37,map-lines-0007
D3605,NW,D3705,slope,D3605,land:8.35;land:8.37,map-lines-0007
D3605,NE,D3706,slope,D3605,land:8.35;land:8.37,map-lines-0007
D3606,NW,D3706,slope,D3606,land:8.35;land:8.37,map-lines-0007
D3606,NE,D3707,slope,D3606,land:8.35;land:8.37,map-lines-0004
D3607,NW,D3707,slope,D3607,land:8.35;land:8.37,map-lines-0004
D3607,NE,D3708,slope,D3607,land:8.35;land:8.37,map-lines-0004
D3608,NW,D3708,slope,D3608,land:8.35;land:8.37,map-lines-0004
D3608,NE,D3709,slope,D3608,land:8.35;land:8.37,map-lines-0004
D3609,NW,D3709,slope,D3609,land:8.35;land:8.37,map-lines-0004
D3610,E,D3611,slope,D3610,land:8.35;land:8.37,map-lines-0007
D3612,NE,D3713,slope,D3612,land:8.35;land:8.37,map-lines-2-0001
D3613,NW,D3713,slope,D3613,land:8.35;land:8.37,map-lines-2-0001
D3613,NE,D3714,slope,D3613,land:8.35;land:8.37,map-lines-2-0001
D3616,E,D3617,all_sea,,land:8.35;land:8.37,map-lines-2-0002
D3616,NE,D3717,all_sea,,land:8.35;land:8.37,map-lines-2-0002
D3617,E,D3618,all_sea,,land:8.35;land:8.37,map-lines-2-0002
D3617,NW,D3717,all_sea,,land:8.35;land:8.37,map-lines-2-0002
D3618,E,D3619,all_sea,,land:8.35;land:8.37,map-lines-2-0002
D3619,E,D3620,all_sea,,land:8.35;land:8.37,map-lines-2-0002
D3620,E,D3621,all_sea,,land:8.35;land:8.37,map-lines-2-0002
D3620,NE,D3721,all_sea,,land:8.35;land:8.37,map-lines-2-0002
D3621,E,D3622,all_sea,,land:8.35;land:8.37,map-lines-2-0002
D3621,NW,D3721,all_sea,,land:8.35;land:8.37,map-lines-2-0002
D3621,NE,D3722,all_sea,,land:8.35;land:8.37,map-lines-2-0002
D3622,NW,D3722,all_sea,,land:8.35;land:8.37,map-lines-2-0002
D3701,E,D3702,slope,D3701,land:8.35;land:8.37,map-lines-0008
D3701,NE,D3801,slope,D3701,land:8.35;land:8.37,map-lines-0008
D3711,NW,D3810,slope,D3711,land:8.35;land:8.37,map-lines-2-0010
D3711,NE,D3811,slope,D3711,land:8.35;land:8.37,map-lines-2-0010
D3712,E,D3713,slope,D3712,land:8.35;land:8.37,map-lines-2-0001
D3712,NW,D3811,slope,D3712,land:8.35;land:8.37,map-lines-2-0010
D3716,E,D3717,all_sea,,land:8.35;land:8.37,map-lines-2-0010
D3716,NE,D3816,all_sea,,land:8.35;land:8.37,map-lines-2-0010
D3717,NW,D3816,all_sea,,land:8.35;land:8.37,map-lines-2-0010
D3807,NW,D3907,slope,D3807,land:8.35;land:8.37,map-lines-0007
D3807,NE,D3908,slope,D3807,land:8.35;land:8.37,map-lines-0007
D3808,E,D3809,slope,D3808,land:8.35;land:8.37,map-lines-0007
D3808,NW,D3908,slope,D3808,land:8.35;land:8.37,map-lines-0007
D3808,NE,D3909,slope,D3808,land:8.35;land:8.37,map-lines-0007
D3905,NE,D4005,all_sea,,land:10.21;interp:map-0002,map-lines-0007
D3906,NW,D4005,all_sea,,land:10.21;interp:map-0002,map-lines-0007
D3906,NE,D4006,all_sea,,land:10.21;interp:map-0002,map-lines-0007
D3907,NW,D4006,all_sea,,land:10.21;interp:map-0002,map-lines-0007
D3907,NE,D4007,all_sea,,land:10.21;interp:map-0002,map-lines-0007
D3908,NW,D4007,all_sea,,land:10.21;interp:map-0002,map-lines-0008
D3908,NE,D4008,all_sea,,land:10.21;interp:map-0002,map-lines-0008
D3909,E,D3910,all_sea,,land:10.21;interp:map-0002,map-lines-0008
D3909,NW,D4008,all_sea,,land:10.21;interp:map-0002,map-lines-0008
D3909,NE,D4009,all_sea,,land:10.21;interp:map-0002,map-lines-0008
D3910,NW,D4009,all_sea,,land:10.21;interp:map-0002,map-lines-0008
D3910,NE,D4010,all_sea,,land:10.21;interp:map-0002,map-lines-0008
D4001,NE,D4102,all_sea,,land:10.21;interp:map-0002,map-lines-0005
D4002,NW,D4102,all_sea,,land:10.21;interp:map-0002,map-lines-0005
D4002,NE,D4103,all_sea,,land:10.21;interp:map-0002,map-lines-0005
D4003,E,D4004,all_sea,,land:10.21;interp:map-0002,map-lines-0007
D4003,NW,D4103,all_sea,,land:10.21;interp:map-0002,map-lines-0007
D4003,NE,D4104,all_sea,,land:10.21;interp:map-0002,map-lines-0007
D4004,E,D4005,all_sea,,land:10.21;interp:map-0002,map-lines-0007
D4004,NW,D4104,all_sea,,land:10.21;interp:map-0002,map-lines-0007
D4005,E,D4006,all_sea,,land:10.21;interp:map-0002,map-lines-0008
D4006,E,D4007,all_sea,,land:10.21;interp:map-0002,map-lines-0008
D4007,E,D4008,all_sea,,land:10.21;interp:map-0002,map-lines-0008
D4008,E,D4009,all_sea,,land:10.21;interp:map-0002,map-lines-0009
D4009,E,D4010,all_sea,,land:10.21;interp:map-0002,map-lines-0009
D4010,E,D4011,all_sea,,land:10.21;interp:map-0002,map-lines-0009
D4101,E,D4102,all_sea,,land:10.21;interp:map-0002,map-lines-0007
D4101,NE,D4201,all_sea,,land:10.21;interp:map-0002,map-lines-0007
D4102,E,D4103,all_sea,,land:10.21;interp:map-0002,map-lines-0007
D4102,NW,D4201,all_sea,,land:10.21;interp:map-0002,map-lines-0007
D4103,E,D4104,all_sea,,land:10.21;interp:map-0002,map-lines-0007
E2201,NW,E2301,escarpment,E2301,land:8.35;land:8.37,map-lines-2-0008
E2201,NE,E2302,escarpment,E2302,land:8.35;land:8.37,map-lines-2-0008
E2202,NW,E2302,ridge,,land:8.35;land:8.37,map-lines-2-0008
E2202,NE,E2303,ridge,,land:8.35;land:8.37,map-lines-2-0008
E2203,NW,E2303,ridge,,land:8.35;land:8.37,map-lines-2-0008
E2203,NE,E2304,ridge,,land:8.35;land:8.37,map-lines-2-0008
E2204,NW,E2304,ridge,,land:8.35;land:8.37,map-lines-2-0008
E2402,NE,E2503,slope,E2503,land:8.35;land:8.37,map-lines-2-0008
E2403,NW,E2503,slope,E2503,land:8.35;land:8.37,map-lines-2-0008
E2502,E,E2503,slope,E2503,land:8.35;land:8.37,map-lines-2-0007
E2503,E,E2504,slope,E2503,land:8.35;land:8.37,map-lines-2-0007
E2503,NW,E2602,slope,E2503,land:8.35;land:8.37,map-lines-2-0007
E2503,NE,E2603,slope,E2503,land:8.35;land:8.37,map-lines-2-0007
E2504,NW,E2603,slope,E2504,land:8.35;land:8.37,map-lines-2-0007
E2504,NE,E2604,slope,E2604,land:8.35;land:8.37,map-lines-2-0007
E2505,NW,E2604,slope,E2604,land:8.35;land:8.37,map-lines-2-0007
E2505,NE,E2605,slope,E2605,land:8.35;land:8.37,map-lines-2-0007
E2506,NW,E2605,slope,E2605,land:8.35;land:8.37,map-lines-2-0007
E2603,E,E2604,slope,E2604,land:8.35;land:8.37,map-lines-2-0007
E2603,NE,E2704,slope,E2603,land:8.35;land:8.37,map-lines-2-0007
E2604,NW,E2704,slope,E2604,land:8.35;land:8.37,map-lines-2-0007
E2604,NE,E2705,slope,E2604,land:8.35;land:8.37,map-lines-2-0007
E2605,E,E2606,slope,E2605,land:8.35;land:8.37,map-lines-2-0007
E2605,NW,E2705,slope,E2605,land:8.35;land:8.37,map-lines-2-0007
E2605,NE,E2706,slope,E2605,land:8.35;land:8.37,map-lines-2-0007
E2701,NE,E2801,ridge,,land:8.35;land:8.37,map-lines-2-0007
E2702,NW,E2801,ridge,,land:8.35;land:8.37,map-lines-2-0007
E2702,NE,E2802,slope,E2702,land:8.35;land:8.37,map-lines-2-0007
E3003,NE,E3104,all_sea,,land:8.35;land:8.37,map-lines-2-0004
E3004,NW,E3104,all_sea,,land:8.35;land:8.37,map-lines-2-0004
E3102,NW,E3201,all_sea,,land:8.35;land:8.37,map-lines-2-0004
E3103,E,E3104,all_sea,,land:8.35;land:8.37,map-lines-2-0004
E3104,E,E3105,all_sea,,land:8.35;land:8.37,map-lines-2-0004
E3105,E,E3106,all_sea,,land:8.35;land:8.37,map-lines-2-0004
E3105,NE,E3205,all_sea,,land:8.35;land:8.37,map-lines-2-0004
E3106,NW,E3205,all_sea,,land:8.35;land:8.37,map-lines-2-0004
E3106,NE,E3206,all_sea,,land:8.35;land:8.37,map-lines-2-0004
E3107,NW,E3206,all_sea,,land:8.35;land:8.37,map-lines-2-0004
E3201,NW,E3301,all_sea,,land:8.35;land:8.37,map-lines-2-0006
E3205,E,E3206,all_sea,,land:8.35;land:8.37,map-lines-2-0006
E3206,E,E3207,all_sea,,land:8.35;land:8.37,map-lines-2-0006
E3206,NE,E3307,all_sea,,land:8.35;land:8.37,map-lines-2-0006
E3207,NW,E3307,all_sea,,land:8.35;land:8.37,map-lines-2-0006
E3207,NE,E3308,all_sea,,land:8.35;land:8.37,map-lines-2-0006
E3307,E,E3308,all_sea,,land:8.35;land:8.37,map-lines-2-0006
E3308,E,E3309,all_sea,,land:8.35;land:8.37,map-lines-2-0005
E3308,NE,E3408,all_sea,,land:8.35;land:8.37,map-lines-2-0005
E3309,NW,E3408,all_sea,,land:8.35;land:8.37,map-lines-2-0005
E3408,E,E3409,all_sea,,land:8.35;land:8.37,map-lines-2-0005
E3409,E,E3410,all_sea,,land:8.35;land:8.37,map-lines-2-0005
E3409,NE,E3510,all_sea,,land:8.35;land:8.37,map-lines-2-0005
E3410,NW,E3510,all_sea,,land:8.35;land:8.37,map-lines-2-0005
E3410,NE,E3511,all_sea,,land:8.35;land:8.37,map-lines-2-0005
E3510,E,E3511,all_sea,,land:8.35;land:8.37,map-lines-2-0005
E3511,E,E3512,all_sea,,land:8.35;land:8.37,map-lines-2-0005
E3511,NE,E3611,all_sea,,land:8.35;land:8.37,map-lines-2-0005
E3512,NW,E3611,all_sea,,land:8.35;land:8.37,map-lines-2-0005
E3611,E,E3612,all_sea,,land:8.35;land:8.37,map-lines-2-0006
E3713,E,E3714,all_sea,,land:8.35;land:8.37,map-lines-2-0006
E3713,NE,E3813,all_sea,,land:8.35;land:8.37,map-lines-2-0006
E3714,NW,E3813,all_sea,,land:8.35;land:8.37,map-lines-2-0006
E3813,E,E3814,all_sea,,land:8.35;land:8.37,map-lines-2-0006
E3813,NE,E3914,all_sea,,land:8.35;land:8.37,map-lines-2-0006
E3814,NW,E3914,all_sea,,land:8.35;land:8.37,map-lines-2-0006
E3814,NE,E3915,all_sea,,land:8.35;land:8.37,map-lines-2-0006
E3914,E,E3915,all_sea,,land:8.35;land:8.37,map-lines-2-0006
