from_hex,to_hex,kind,src,review_batch
C3822,C3823,unfinished_road,land:8.47;land:8.37,map-lines-0001
C3822,C3922,unfinished_road,land:8.47;land:8.37,map-lines-0001
C3823,C3824,unfinished_road,land:8.47;land:8.37,map-lines-0001
C3824,C3825,unfinished_road,land:8.47;land:8.37,map-lines-0001
C3825,C3926,unfinished_road,land:8.47;land:8.37,map-lines-0001
C3921,C4020,track,land:8.37,sollum-control-0001
C3922,C4021,unfinished_road,land:8.47;land:8.37,map-lines-0001
C4020,C4120,road,land:8.33;land:8.37,road-spine-0001
C4020,C4121,track,land:8.33;land:8.37,sollum-control-0001
C4120,C4220,road,land:8.33;land:8.37,road-spine-0001
C4220,C4320,road,land:8.37;land:8.47,bardia-road-0002
C4320,C4321,road,land:8.37;land:8.47,bardia-road-0002
C4320,C4419,road,land:8.37;land:8.33,validation-0001
C4419,C4519,road,land:8.37;land:8.33,validation-0001
C4419,C4520,track,land:8.37;land:8.33,validation-0001
C4516,C4517,road,land:8.37;land:8.33,validation-0001
C4517,C4518,road,land:8.37;land:8.33,validation-0001
C4517,C4617,track,land:8.37;land:8.33,validation-0001
C4518,C4519,road,land:8.37;land:8.33,validation-0001
C4616,C4717,track,land:8.37;land:8.33,validation-0001
C4716,C4717,track,land:8.37;land:8.33,validation-0001
D3311,D3411,unfinished_road,land:8.47;land:8.37,map-lines-2-0001
D3313,D3314,track,land:8.33;land:8.37,map-lines-2-0001
D3313,D3412,track,land:8.33;land:8.37,map-lines-2-0001
D3314,D3315,track,land:8.33;land:8.37,map-lines-2-0001
D3315,D3415,track,land:8.33;land:8.37,map-lines-2-0001
D3411,D3412,track,land:8.33;land:8.37,map-lines-2-0001
D3411,D3512,unfinished_road,land:8.47;land:8.37,map-lines-2-0001
D3415,D3515,track,land:8.33;land:8.37,map-lines-2-0001
D3512,D3612,unfinished_road,land:8.47;land:8.37,map-lines-2-0001
D3611,D3612,road,land:8.33;land:8.37,map-lines-2-0001
D3611,D3711,road,land:8.33;land:8.37,map-lines-2-0001
D3611,D3712,road,land:8.33;land:8.37,map-lines-2-0001
D3612,D3613,road,land:8.33;land:8.37,map-lines-2-0001
D3613,D3714,road,land:8.33;land:8.37,map-lines-2-0001
D3615,D3715,road,land:8.33;land:8.37,map-lines-2-0001
D3714,D3715,road,land:8.33;land:8.37,map-lines-2-0001
